매장명,주소,전화번호
동대사랑점,서울특별시 중구 퇴계로44길 8(필동2가),02-2285-6579
중림점,서울특별시 중구 청파로 464(중림동) 브라운스톤,02-362-5335
서초중앙점,서울특별시 서초구 서초중앙로 14,None
None,None,02-2195-4033
광화문시대점,"서울특별시 종로구 사직로8길 42(내수동, 광화문시대) 1층",02-535-0343
반포예일점,서울특별시 서초구 서초중앙로33길 20,02-388-9661
역촌타운점,서울특별시 은평구 연서로3길 8(역촌동),02-2695-8066
신정역점,서울특별시 양천구 오목로 182,02-3144-7234
망원제일점,서울특별시 마포구 동교로 63(망원동),02-990-1594
번동드림타워점,서울특별시 강북구 도봉로96길 5-11(번동),02-6282-1178
센트럴시티점,서울특별시 서초구 신반포로 176 1층 124호,02-540-7556
논현개나리점,서울특별시 강남구 학동로26길 25,02-474-3271
강동본점,서울특별시 강동구 천호옛길 84,070-8845-1642
월계본점,서울특별시 노원구 덕릉로 60길 182,02-929-1656
동대문신설점,서울특별시 동대문구 왕산로 27(신설동),02-2650-5695
이대목동병원점,서울특별시 양천구 안양천로 1071(목동) 이대목동병원 장례식장 지하1층,02-2662-3362
방화역점,서울특별시 강서구 금낭화로 136(방화동) 에어뷰21-2,02-6282-1177
메리어트점,서울특별시 서초구 사평대로 205(반포동) BP4-10호,02-6010-1032
광운대역점,서울특별시 노원구 석계로 98-1(월계동),02-987-7074
미아역점,서울특별시 강북구 도봉로54길 6(미아동) 1층,02-956-0925
방학학마을점,서울특별시 도봉구 도당로 115(방학동),02-579-8200
양재우성점,서울특별시 서초구 바우뫼로 101,02-556-7846
선릉청운점,서울특별시 강남구 선릉로 578(삼성동) 태정빌딩,02-2642-7717
목동공원점,서울특별시 양천구 목동서로 133-2(목동) 목동하나프라자 107호,070-7700-9596
이마트24본점,서울특별시 성동구 광나루로 310 푸조비즈타워 101호,02-960-5189
외대이문점,서울특별시 동대문구 외대역동로 106(이문동),02-3289-9090
가산GBC점,서울특별시 금천구 가산디지털1로 165(가산동) 101호,02-516-2577
청담하나점,서울특별시 강남구 도산대로78길 31(청담동),02-6916-1500
미아지웰점,서울특별시 강북구 도봉로76길 42-1(미아동),02-2263-7226
동대문역사문화공원역점,서울특별시 중구 장충단로 228-2(을지로7가) 2층,02-333-0768
합정동마점,서울특별시 마포구 월드컵로1길 21,02-432-9693
상봉역점,서울특별시 중랑구 봉화산로30길 99(상봉동),02-776-4991
중구소공점,서울특별시 중구 소공로 100-1 1층,02-6916-1500
반포가온점,서울특별시 서초구 사평대로55길 65-11,02-914-9082
성북정릉점,서울특별시 성북구 솔샘로6길 46 1층 1호,02-386-0428
불광역점,서울특별시 은평구 통일로65길 11 1층,02-956-2374
행복드림점,서울특별시 도봉구 도봉로 879(도봉동),02-832-1118
보라매역점,서울특별시 영등포구 여의대방로 145 세인트빌딩,02-454-0346
자양우성점,서울특별시 광진구 능동로10길 109(자양동),070-7700-3278
서울남부터미널점,서울특별시 서초구 효령로 292 남부터미널 118호,02-2294-3748
사근초교점,서울특별시 성동구 사근동11길 12,02-832-3047
영등포공원점,서울특별시 영등포구 영신로20길 14 재가파크빌,070-8659-4228
서대문증가로점,서울특별시 서대문구 증가로 21길 20-7 1층,02-3436-5492
광나루역점,"서울특별시 광진구 천호대로 808(광장동, 광장12차현대홈타운)",02-6916-1500
전문건설회관점,서울특별시 동작구 보라매로5길 15 전문건설회관건물 지하1층,02-6916-1500
성심여중고점,서울특별시 용산구 원효로 19길 58 1층,02-6916-1500
역삼승리점,서울특별시 강남구 강남대로94길 55,02-3663-2245
가양역점,서울특별시 강서구 양천로57길 10-11(가양동),02-6916-1500
서일사랑점,서울특별시 중랑구 용마산로90길 28(면목동),02-6916-1500
강남역점,서울특별시 강남구 강남대로 396 지하 F-2호,02-877-4742
관악행운점,서울특별시 관악구 봉천로53길 12(봉천동),070-7700-0646
영등포KT점,서울특별시 영등포구 영중로 119(영등포동8가) 리마크빌 영등포 1층,02-903-9578
인수점,서울특별시 강북구 인수봉로 272(수유동),02-755-0575
중구명동점,서울특별시 중구 퇴계로14길 29(남산동1가) 그랜드 필드,070-7700-8036
노량진로점,서울특별시 동작구 노량진로8길 26,02-6916-1500
상봉중앙점,서울특별시 중랑구 중랑천로10길 49-13,None
개봉로점,서울특별시 구로구 개봉로 56,02-703-2777
None,None,02-6916-1500
공덕역점,서울특별시 마포구 마포대로 108-1(공덕동),02-6916-1500
전농사거리점,서울특별시 동대문구 사가정로 122(전농동) 전농동하우스토리 103호,02-521-4596
성산아이파크점,"서울특별시 마포구 모래내로9길 6(성산동, 월드컵아이파크) 상가 101호",02-2653-9208
예술의전당점,서울특별시 서초구 남부순환로 2406 (서초동 예술의전당) 비타민스테이션 내 편의점,02-6916-1500
강서등마루점,서울특별시 강서구 등촌로51길 11 (등촌동),02-6916-1500
성동연무장점,서울특별시 성동구 연무장길 58-1 (성수동2가),02-6916-1500
화곡점,"서울특별시 강서구 가로공원로 238(화곡동, 길성이엔이)",02-6083-3434
상일푸른점,서울특별시 강동구 천호대로221길 21,02-974-1318
거여삼거리점,"서울특별시 송파구 마천로 343 , 1층(마천동)",02-6242-6998
공릉타운점,서울특별시 노원구 공릉로 191-10(공릉동),070-8808-6825
신월스타점,서울특별시 양천구 곰달래로5길 64-1(신월동),070-7785-8602
신촌대현점,서울특별시 서대문구 연세로2길 75 1층,02-3478-0402
종암중앙점,서울특별시 성북구 월곡로 56-1(종암동) 101호,02-3409-0402
신세계강남점,서울특별시 서초구 신반포로 176 신세계백화점B2층 임직원 식당,02-2283-1330
광진군자점,서울특별시 광진구 광나루로 355 (군자동 고려산부인과),070-8860-2424
송파엠스테이트점,서울특별시 송파구 법원로 114 B동 B1층,02-6916-1500
서울조선호텔점,서울특별시 중구 소공로 106 지하1층,02-6916-1500
서초래미안점,서울특별시 서초구 서초대로65길 13-10,02-6916-1500
동대문에비뉴점,서울특별시 중구 을지로44길 24-4(광희동1가) 에비뉴모텔 1층,02-6916-1500
관악조은점,서울특별시 관악구 신림로28길 25 (신림동),02-6916-1500
노원청암아파트점,서울특별시 노원구 덕릉로94가길 20 (상계동 청암2단지아파트),02-6916-1500
마곡에코점,서울특별시 강서구 마곡중앙로 161-11(마곡동),02-6916-1500
망우사거리점,서울특별시 중랑구 망우로66길 13,070-8880-2424
관악조원점,서울특별시 관악구 조원로 79 (신림동),02-336-8319
성수백영점,서울특별시 성동구 성수일로 56(성수동2가),02-6916-1500
창천원룸점,서울특별시 서대문구 신촌로3길 10 1층,070-7700-4124
정릉국민대점,서울특별시 성북구 정릉로10길 59(정릉동),02-3394-8711
녹번아르체점,서울특별시 은평구 서오릉로 30,02-6916-1500
태릉입구역점,서울특별시 노원구 화랑로 419-11(공릉동),None
성신로데오점,서울특별시 성북구 동소문로20길 31(동선동1가),02-6916-1500
용산메가트리움점,서울특별시 용산구 한강대로43길 8 벽산메가트리움 104동 210호,02-712-6963
None,None,070-7700-4729
서초프라임점,서울특별시 서초구 방배천로2길 22 서초프라임요양병원 1층,02-856-8560
효창파크점,서울특별시 용산구 백범로 278 (효창동),02-6916-1500
홍대합정점,서울특별시 마포구 양화로6길 39(서교동),02-2655-1206
남구로역점,서울특별시 구로구 구로동로 13 (가리봉동),02-566-9535
송파행운점,서울특별시 송파구 백제고분로40길 11,070-4115-1769
목동파리공원점,서울특별시 양천구 목동서로 57 목동 현대파리지앙,02-6916-1500
포이사거리점,서울특별시 강남구 개포로 202(개포동),070-7707-0276
논현청학점,"서울특별시 강남구 도산대로 232(논현동, 청학아파트)",None
구로구일점,서울특별시 구로구 구일로4길 26,02-6916-1500
청담본점,서울특별시 강남구 도산대로 57길 22 지하 1층,02-6916-1500
강서까치산점,서울특별시 강서구 강서로10길 19(화곡동) 루체비스타,02-6916-1500
None,None,02-6916-1500
동대문황물로점,서울특별시 동대문구 황물로 111,02-563-7579
강서우장초교점,서울특별시 강서구 화곡로43길 34 1층,070-7719-5923
종로3가점,서울특별시 종로구 율곡로8길 101,070-7700-8620
군자CGV점,서울특별시 광진구 능동로 285,02-2696-6843
삼성119점,서울특별시 강남구 봉은사로 478 1층 109호,None
신세계영등포점,서울특별시 영등포구 영중로 9 B관 8층,070-7705-9089
메사빌딩점,서울특별시 중구 남대문시장10길 2 16층,02-554-5004
신월양강점,서울특별시 양천구 오목로 71,02-6916-1500
화곡본동점,서울특별시 강서구 초록마을로10길 21,02-6916-1500
None,None,02-863-8180
천호브라운스톤점,서울특별시 강동구 천호대로 1006,02-832-8787
포스코센터점,서울특별시 강남구 테헤란로 440,02-6916-1500
성수이로점,서울특별시 성동구 연무장18길 12,02-332-6303
신길위브점,서울특별시 영등포구 신길로60다길 1,02-2205-0402
관악신림점,서울특별시 관악구 신원로 10,02-2614-6262
신대방역점,서울특별시 동작구 신대방길 5,02-957-0088
성내성안로점,서울특별시 강동구 성안로9길 16,02-6916-1500
신촌빌리지점,서울특별시 서대문구 신촌로11길 39,02-792-1337
성수뚝도점,서울특별시 성동구 성덕정11길 20-1 1층,070-7703-9374
갈현제일점,서울특별시 은평구 통일로85길 18-1,02-336-8969
시조사삼거리점,서울특별시 동대문구 이문로 3 1동 102호,02-6916-1500
종로창신점,서울특별시 종로구 종로50길 29,02-2661-9919
용산트럼프월드점,서울특별시 용산구 한강대로 26 2층 201호,02-3493-3228
용산삼각지점,서울특별시 용산구 한강대로54길 12,02-420-4209
마포서교점,서울특별시 마포구 홍익로5길 36,None
문정에코점,서울특별시 송파구 정의로7길 6 에코힐스테이트송파 115호,02-6916-1500
신방화점,서울특별시 강서구 양천로24길 43,070-7700-9887
도봉법원점,서울특별시 도봉구 마들로 735-8,02-427-8364
잠실시그마점,서울특별시 송파구 올림픽로 289,02-6916-1500
남구로명인점,서울특별시 구로구 디지털로27길 53,02-6916-1500
None,None,02-797-0264
마곡타워점,서울특별시 강서구 공항대로 213 보타닉파크타워2 118호,02-466-2504
신세계영등포제일점,서울특별시 영등포구 영중로3길 5 1층,02-6916-1500
암사스타점,서울특별시 강동구 고덕로10길 25,02-6916-1500
잠실나눔점,서울특별시 송파구 삼전로 99,None
목동5A상가점,서울특별시 양천구 목동동로 350 A상가 107호,02-6200-7573
이태원제일점,서울특별시 용산구 이태원로 227,None
성동플라이쿱점,서울특별시 성동구 동일로 287,02-733-9163
화곡베스트점,서울특별시 강서구 등촌로 49-14,02-6377-8336
충무로앰버서더호텔점,서울특별시 중구 삼일대로 300,02-2665-5189
강서내발산점,서울특별시 강서구 강서로47다길 20 1층,070-7733-9479
None,None,02-720-0248
오라카이청계산호텔점,서울특별시 서초구 청계산로9길 1-7,None
면목역점,서울특별시 중랑구 겸재로44길 6,02-883-9600
None,None,02-2652-2221
정독천수점,서울특별시 종로구 북촌로5길 52,02-462-1638
R강동ECT점,서울특별시 강동구 천호대로 1077 래미안강동팰리스 이스트센트럴타워,02-723-7606
공항주유소점,서울특별시 강서구 개화동로 420,02-463-7310
화양가중점,서울특별시 광진구 능동로 13길 103,None
청계천점,서울특별시 종로구 청계천로 35 1층,02-304-6293
독립문e편한점,서울특별시 서대문구 독립문로1길 3-3,070-7777-9478
None,None,None
신림팔구팔구점,서울특별시 관악구 신림로67길 11 1층,02-574-1184
목2동점,서울특별시 양천구 목동중앙본로 57,02-577-5588
세종대후문점,서울특별시 광진구 군자로 133,None
종로당주점,서울특별시 종로구 새문안로5길 11,02-999-6950
서울숲뚝섬점,서울특별시 성동구 왕십리로14길 30-3,070-8181-8553
가산비즈점,서울특별시 금천구 디지털로12길 9,None
None,None,02-432-5040
불광천점,서울특별시 서대문구 불광천길 156,02-868-4987
동대문점,서울특별시 중구 장충단로 지하 280,02-2689-7835
미아성신점,서울특별시 강북구 덕릉로30길 74 1층 101호,02-322-2810
None,None,02-307-8775
역삼초교점,서울특별시 강남구 역삼로8길 21,070-8844-0864
개포래미안점,서울특별시 강남구 선릉로 8 201동 왼쪽코너,None
을지로부영점,서울특별시 중구 을지로 29,02-356-7576
None,None,070-7700-5720
수유사랑점,서울특별시 강북구 한천로140길 17,02-3152-8917
연희제일점,서울특별시 서대문구 연희로11가길 54,070-4101-8554
상암자인채점,서울특별시 마포구 월드컵로34길 20,070-8707-4568
None,None,02-423-3643
면목사랑점,서울특별시 중랑구 면목로56길 30,02-808-8788
구로MS점,서울특별시 구로구 시흥대로163길 15,070-8822-5579
개봉크로바점,서울특별시 구로구 개봉로17바길 58,02-966-6607
서교초점,서울특별시 마포구 와우산로27길 48,02-336-3282
응암오거리점,서울특별시 은평구 가좌로 235,02-965-9925
노원역점,서울특별시 노원구 상계로 64,02-388-1045
국민대오복점,서울특별시 성북구 정릉로6길 41-3,02-931-7707
None,None,02-891-8337
대조공원점,서울특별시 은평구 연서로24길 10,070-7700-4945
R성수역점,서울특별시 성동구 성수이로 113 1층,None
응암대림점,서울특별시 은평구 가좌로 211-1,070-7604-7083
목동파크자이점,서울특별시 양천구 목동남로4길 80,None
에너비스동교점,서울특별시 서대문구 연희로 12,02-2065-6343
잠실신천점,서울특별시 송파구 올림픽로12길 36,070-7700-0868
금천구청역점,서울특별시 금천구 시흥대로73길 67 금천엠타워 104호,02-960-5859
송파라비앙점,서울특별시 송파구 성내천로24길 1,070-8848-3993
경희대원룸점,서울특별시 동대문구 천장산로7길 62,02-981-7902
홍대서교점,서울특별시 마포구 와우산로29길 48,02-981-7902
제기약령시점,서울특별시 동대문구 고산자로 505-1,02-2645-1193
R은평이룸채점,서울특별시 은평구 통일로 1045,02-2644-2848
중계불암점,서울특별시 노원구 중계로16가길 1,070-7626-7083
금천대성점,서울특별시 금천구 독산로10길 37,02-884-0402
서대문연희점,서울특별시 서대문구 연희로4길 5,None
성대후문점,서울특별시 종로구 명륜3길 10,None
None,None,02-2272-5273
송파해누리점,서울특별시 송파구 송파대로37길 98,02-365-1315
서울숲ITCT점,서울특별시 성동구 성수일로 10 104호,None
None,None,02-854-1301
R신월올림푸스점,서울특별시 양천구 가로공원로 82,02-3421-8195
반포주흥점,서울특별시 서초구 주흥길 69,02-508-2004
외대앞역점,서울특별시 동대문구 휘경로 18-1,02-851-9007
양재매헌점,서울특별시 서초구 언남12길 1,070-8888-2738
북서울숲1호점,서울특별시 강북구 월계로 173,070-4125-2225
북서울숲2호점,서울특별시 강북구 월계로 173,02-304-0301
화곡수아점,서울특별시 강서구 강서로8길 200,02-561-6060
목동5단지점,서울특별시 양천구 목동동로 350 C동 109호,02-3394-5908
황학빌리지점,서울특별시 중구 난계로21길 55,02-979-7727
신림동양점,서울특별시 관악구 남부순환로181길 46,None
강남개포점,서울특별시 강남구 언주로 110 1층 101-나호,None
None,None,02-393-3340
성동송정점,서울특별시 성동구 광나루로11길 4,02-6916-1500
None,None,02-2607-1114
중구굿모닝점,서울특별시 중구 장충단로 249-10,02-2697-0047
이화연대점,서울특별시 서대문구 성산로 565,None
청량리타운점,서울특별시 동대문구 왕산로40길 8,02-304-2101
None,None,02-876-9769
가산남성프라자점,서울특별시 금천구 디지털로 130 101호,070-7778-2066
R신내데시앙점,서울특별시 중랑구 용마산로 669,None
역삼신한점,서울특별시 강남구 역삼로 176,010-8357-1400
R구로신성점,서울특별시 구로구 시흥대로161길 50 신성미소지움아파트 상가,070-4268-1900
서초점,서울특별시 서초구 반포대로1길 25,02-356-7859
R신월신화점,서울특별시 양천구 신월로10길 16 삼성아파트상가,None
R북가좌래미안점,서울특별시 서대문구 수색로 100 DMC래미안이편한아파트 3단지 상가2동 101-102호,02-498-0401
대치삼성점,서울특별시 강남구 삼성로57길 35,02-2661-9752
장안빌리지점,서울특별시 동대문구 답십리로 292-3,02-2607-3909
중랑장미공원점,서울특별시 중랑구 동일로169길 44,02-929-2527
대치SK점,서울특별시 강남구 삼성로51길 11 강남대학교 카이로스빌딩,02-929-6460
None,None,None
중랑동일점,서울특별시 중랑구 동일로152길 18,02-386-5425
None,None,None
감신대점,서울특별시 서대문구 독립문로 56 종합관 1층,070-7700-6536
문정래미안점,서울특별시 송파구 문정로 83,02-853-1493
화곡일동점,서울특별시 강서구 곰달래로19가길 1,02-978-9469
신월으뜸점,서울특별시 양천구 신월로15길 26,02-2675-0185
(주)이마트24서비스,서울특별시 성동구 광나루로 310 3층 303호,None
None,None,02-855-4575
응암초교점,서울특별시 은평구 가좌로6길 12,02-712-2887
서울대입구역점,서울특별시 관악구 남부순환로 1849,None
종로마루점,서울특별시 종로구 난계로27길 44-7,02-550-6387
영동대로점,서울특별시 강남구 영동대로 732,02-542-3391
None,None,None
R대치역점,서울특별시 강남구 남부순환로 2947 대원빌딩 1층,None
둔촌수진점,서울특별시 강동구 진황도로 167-7,02-714-7413
은평구청점,서울특별시 은평구 서오릉로2길 9,02-533-1458
연대제중학사점,서울특별시 서대문구 연세로 50 지하2층,02-585-9260
None,None,None
성수한라점,서울특별시 성동구 성수이로7길 7 103~104호,None
발산현대점,서울특별시 강서구 남부순환로19길 81,02-534-2972
화곡소망점,서울특별시 강서구 강서로15길 95,02-389-1569
성북희망점,서울특별시 성북구 삼선교로18나길 26,02-478-2288
고려대역점,서울특별시 동대문구 고산자로 560,02-532-2029
R충무로스타점,서울특별시 중구 퇴계로 184 101호,None
None,None,02-550-8299
은평선일점,서울특별시 은평구 갈현로29길 30,02-822-7901
행촌독립문점,서울특별시 종로구 통일로12길 50-1,070-7700-3008
None,None,02-533-8412
R선릉아크로텔점,서울특별시 강남구 선릉로 524,02-2662-0271
대림역점,서울특별시 구로구 구로중앙로8길 38,02-977-5692
하계타운점,서울특별시 노원구 공릉로59길 18,None
당산온누리점,서울특별시 영등포구 영등포로29길 14,None
은평예일점,서울특별시 은평구 연서로13길 9 1층,070-7700-7995
None,None,02-318-8827
구로NHNKCP점,서울특별시 구로구 디지털로26길 72,070-8862-4080
마포신수점,서울특별시 마포구 신수로 88,070-7700-6226
종로낙원점,서울특별시 종로구 돈화문로11길 41,02-588-2419
None,None,070-4419-8874
번동중앙점,서울특별시 강북구 도봉로102길 64(번동),None
강남압구정점,서울특별시 강남구 언주로174길 29,None
광진구의점,서울특별시 광진구 자양로 144 (구의동),None
None,None,None
신월중앙점,서울특별시 양천구 남부순환로65길 12,None
None,None,None
용산신창점,서울특별시 용산구 효창원로 54,None
내방역점,서울특별시 서초구 서초대로 23길 21 정방빌딩 1층 편의점,None
방배현대점,서울특별시 서초구 서초구 청두곶길 55(방배동),None
R강남역삼점,서울특별시 강남구 강남대로 428,None
None,None,None
신당역점,"서울특별시 중구 퇴계로75길 7(흥인동) 동대문와이즈캐슬상가107,108호",None
None,None,None
서울고속터미널1호점,서울특별시 서초구 신반포로 194 서울고속터미널內,02-999-5250
연신로데오점,서울특별시 은평구 연서로 211,02-3477-0599
성내수자인점,서울특별시 강동구 성안로3길 13,02-766-0544
서울고속터미널4호점,서울특별시 서초구 신반포로 194,02-812-2117
을지로기업은행점,서울특별시 중구 을지로 79 19층,02-2091-0128
None,None,None
대웅제약점,서울특별시 강남구 봉은사로114길 12,None
보라매농심점,서울특별시 동작구 여의대방로22길 4,02-2654-3510
R종로대호점,서울특별시 종로구 김상옥로 24,02-523-6438
고속터미널영동선1호점,서울특별시 서초구 신반포로 194,None
마곡지웰점,서울특별시 강서구 공항대로 200,None
중랑하늘점,서울특별시 중랑구 숙선옹주로5길 4-4,None
시립대후문점,서울특별시 동대문구 망우로18다길 37(휘경동),None
None,None,None
self헤센파크힐점,서울특별시 서초구 사임당로 115,02-6916-1410
None,None,02-6916-1410
R명동역점,서울특별시 중구 퇴계로 136,None
신세계본점,서울특별시 중구 소공로 63 15층,None
R갈현대로점,서울특별시 은평구 갈현로 124,010-5213-8379
동덕여대점,서울특별시 성북구 화랑로13길 14 1층,010-9497-0611
사당역점,서울특별시 동작구 남부순환로 2045,None
수유포엠빌점,서울특별시 강북구 한천로139가길 26,None
self위워크디자이너클럽점,서울특별시 강남구 선릉로 818,02-883-8709
None,None,02-388-2361
self위워크선릉3호점,서울특별시 강남구 선릉로 428,02-882-1777
None,None,02-359-5335
self위워크삼성1호점,서울특별시 강남구 테헤란로 507,None
None,None,None
self위워크삼성2호점,서울특별시 강남구 테헤란로 518,None
None,None,02-413-9954
self위워크선릉1호점,서울특별시 강남구 테헤란로 302,070-7700-1534
None,None,02-930-2318
self위워크선릉2호점,서울특별시 강남구 테헤란로 427,02-427-3698
None,None,02-553-7906
self위워크역삼2점,서울특별시 강남구 테헤란로26길 14,02-418-8245
None,None,None
self위워크강남2점,서울특별시 강남구 테헤란로5길 7,070-8831-3579
None,None,070-4177-9030
self위워크여의도점,서울특별시 영등포구 의사당대로 83,02-325-0015
None,None,070-7729-6200
self위워크홍대점,서울특별시 마포구 양화로 147,070-8672-8005
None,None,070-4177-7030
self위워크을지로점,서울특별시 중구 삼일대로 343,070-4281-8811
None,None,02-6282-1990
self위워크서울스퀘어점,서울특별시 중구 한강대로 416,None
None,None,02-848-7888
self위워크종로타워점,서울특별시 종로구 계동길 51,02-474-2322
None,None,02-749-3414
창동현대타운점,서울특별시 도봉구 도봉로114길 22-8,070-8899-7438
반포레드점,서울특별시 서초구 신반포로 177,None
종로익선동점,서울특별시 종로구 삼일대로32길 54,02-942-2638
광진코지웰점,"서울특별시 광진구 능동로19길 35(화양동, 광진 코지웰)",070-8824-1339
상계벽산점,"서울특별시 노원구 한글비석로 396 , 109동 1층 17~18호",02-6916-1500
과기대수림학사점,서울특별시 노원구 공릉로 232 과기대 內 수림학사,None
None,None,02-844-7080
과기대누리학사점,서울특별시 노원구 공릉로 232 누리학사,None
None,None,None
R강서등촌빌리지점,서울특별시 강서구 등촌로13길 67,070-4422-7778
방배백석점,서울특별시 서초구 방배로 83-13,070-4195-2011
(SSG)네오1(보정),서울특별시 성동구 광나루로 310,02-485-4617
None,None,070-4195-2022
(SSG)네오2(김포),서울특별시 성동구 광나루로 310,02-2666-0996
None,None,02-2247-6035
(SSG)네오3(김포),서울특별시 성동구 광나루로 310,02-782-5068
None,None,070-4919-0009
(SSG)네오2(김포)_인천,서울특별시 성동구 광나루로 310,02-351-3855
None,None,02-352-2541
(SSG)네오3(김포2)_인천,서울특별시 성동구 광나루로 310,None
None,None,None
(농협)대정김천공장점_칠곡저온센터점,서울특별시 성동구 광나루로 310,None
(농협)대정김천공장2점_양지2저온센터점,서울특별시 성동구 광나루로 310,None
E/O지마켓동탄(가),서울특별시 강남구 테헤란로 152 19층,None
None,None,070-7576-4112
E/D)은평수색점,서울특별시 은평구 수색로 322 지하1층,None
None,None,None
E/D)행당점,"서울특별시 성동구 고산자로6길 40 1층 101호, 102호(행당동, 행당동 레몬프라자)",02-6916-1500
E/D)창동씨드큐브점,서울특별시 도봉구 마들로13길 61 B1,None
[VM]MV스파크플러스강남4호,서울특별시 서초구 서초대로77길 17 11층,None
None,None,02-375-6177
[VM]MV감신대점,서울특별시 서대문구 독립문로 56 대학원동 1층 출입문 옆 설치,070-8153-4349
None,None,02-6080-5770
까치고개점,서울특별시 관악구 남부순환로 1964,None
은평진흥로점,서울특별시 은평구 진흥로12가길 18,02-6916-1500
R관악신림현대점,서울특별시 관악구 신림로 169 101호,070-3624-7701
은평제일점,서울특별시 은평구 은평로8길 24-1,02-910-4963
중화역점,서울특별시 중랑구 동일로 799,02-910-4957
None,None,02-318-2233
창동동아점,서울특별시 도봉구 노해로70길 12,02-2231-7527
None,None,070-4112-9904
self위워크마켓신논현점,서울특별시 서초구 서초대로77길 55 위워크라운지 6층,02-955-1621
None,None,070-4126-0096
석촌호수점,서울특별시 송파구 송파대로 456,None
논현101점,서울특별시 강남구 선릉로145길 7,None
상계7단지점,서울특별시 노원구 상계로1길 66,070-8838-0711
강동선사점,서울특별시 강동구 고덕로25길 13,02-599-6566
강남리테일점,서울특별시 강남구 봉은사로74길 15,02-961-0952
송파BRCM점,서울특별시 송파구 가락로 275,070-4126-0650
마포망원점,서울특별시 마포구 월드컵로31길 44,02-2648-1999
None,None,02-961-0173
수락은빛점,서울특별시 노원구 동일로250길 17,None
R관악청룡점,서울특별시 관악구 청룡중앙길 12,02-6282-5132
은평새절역점,서울특별시 은평구 가좌로 251-2,02-832-7140
신길우신점,서울특별시 영등포구 도신로48길 26,02-6916-1500
R가산삼성점,서울특별시 금천구 디지털로9길 41,02-6916-1500
R광진아너스빌점,서울특별시 광진구 자양로3길 55,02-6916-1500
관악법원단지점,서울특별시 관악구 법원단지13길 16,02-6916-1500
센트럴시티3호점,서울특별시 서초구 신반포로 176,02-6916-1500
self카카오뱅크여의도점,서울특별시 영등포구 여의대로 108 파크원타워2 36층,02-853-1493
None,None,02-466-5893
대림차이나점,서울특별시 영등포구 디지털로37길 17,02-2659-9520
천호강변점,서울특별시 강동구 올림픽로89길 39,02-766-3268
동부이촌점,서울특별시 용산구 이촌로65가길 66 103호,02-757-7174
독산정다운점,서울특별시 금천구 범안로15길 27,02-2208-2428
홍제행복점,서울특별시 서대문구 세검정로 140 유원하나아파트상가 지하1층,02-3661-8534
None,None,02-3143-0804
성북돌곶이점,서울특별시 성북구 화랑로 245,02-830-7460
강남구청역점,서울특별시 강남구 선릉로 717,02-448-1235
천호베네시티점,서울특별시 강동구 올림픽로 664 M101-1호,02-961-9615
가산SKV1점,서울특별시 금천구 가산디지털1로 171 V1센터 126호,None
None,None,02-3150-7977
대림점,서울특별시 영등포구 디지털로 343,02-832-0113
신내우디안점,서울특별시 중랑구 신내역로 165 상가동1층 107~108호,None
None,None,None
self사당롯데캐슬점,서울특별시 동작구 사당로27길 190,070-4173-8899
None,None,02-498-7005
녹번역이편한점,서울특별시 은평구 은평로 220,None
강동자이점,서울특별시 강동구 명일로18길 30,None
강동혜민점,서울특별시 강동구 성내로 42,None
송파파크팰리스점,서울특별시 송파구 동남로 227,02-961-9124
당산점,서울특별시 영등포구 당산로37길 7,02-961-0954
장안쉐르빌점,서울특별시 동대문구 장한로21길 16,070-8836-5276
self오피스디포여의도점,서울특별시 영등포구 은행로 25,None
가산태세라점,서울특별시 금천구 가산디지털2로 46,02-996-1619
R은평신사점,서울특별시 은평구 갈현로1길 24-1,None
은평연서로점,서울특별시 은평구 연서로21길 3,070-4285-6200
R화양사거리점,서울특별시 성동구 광나루로 328,02-772-9960
None,None,None
당산국회대로점,서울특별시 영등포구 국회대로38길 18,None
None,None,02-396-2588
마곡퀸즈점,서울특별시 강서구 공항대로 247,02-961-0950
None,None,None
금천점,서울특별시 금천구 범안로12가길 27 (독산동),None
None,None,None
R자양한강점,서울특별시 광진구 능동로3길 54,None
None,None,None
R보라매서울대병원점,서울특별시 동작구 보라매로5길 20,None
RSKT타워1호점,서울특별시 중구 을지로 65 지하1층,None
None,None,02-808-0630
은평한옥마을점,서울특별시 은평구 연서로 528,070-4938-8465
None,None,02-763-0385
종로창신역점,서울특별시 종로구 동망산길 1,02-2226-0504
self서울식물원점,서울특별시 강서구 마곡동로 161,02-523-6372
None,None,070-4139-4800
구로중앙로점,서울특별시 구로구 구로중앙로28길 52,None
None,None,None
응암신사점,서울특별시 은평구 증산로 467,None
홍제래미안점,서울특별시 서대문구 통일로 319,070-4179-8483
양천대승점,서울특별시 양천구 신정로7길 60-14,070-7702-7701
self오피스디포역삼점,서울특별시 강남구 테헤란로 316,02-766-7071
None,None,02-332-3987
파미에파크2호점,서울특별시 서초구 사평대로 205 BP1동-3호,02-716-7337
상암푸르지오점,서울특별시 마포구 월드컵북로54길 25,None
R국민대복지관점,서울특별시 성북구 정릉로 77,None
R국민대법학관점,서울특별시 성북구 정릉로 77,02-2691-3766
해방타워점,서울특별시 용산구 신흥로26길 20,None
성동금호산점,서울특별시 성동구 금호산길 42,None
중곡면목로점,서울특별시 광진구 면목로 136-1,070-4278-3786
방학역점,서울특별시 도봉구 도봉로150길 27 102~103호,None
광진삼성쉐르빌점,서울특별시 광진구 구의강변로 106,02-3492-7590
월계아이파크점,서울특별시 노원구 초안산로2라길 26,None
None,None,None
가산디지털역점,서울특별시 금천구 가산디지털1로 168,None
None,None,02-6916-1500
서초리슈빌점,서울특별시 서초구 반포대로12길 37,02-409-1255
고속터미널영동선2호점,서울특별시 서초구 신반포로 194,070-7701-8551
경희대문과대점,서울특별시 동대문구 경희대로 26 경희대학교 문과대,070-7799-3141
중곡아차산점,서울특별시 광진구 영화사로3가길 25,02-910-5970
R목동9단지점,서울특별시 양천구 목동서로 340,None
경희대푸른솔문화관점,서울특별시 동대문구 경희대로 26 푸른솔광장내,None
경희대정경대점,서울특별시 동대문구 경희대로 26 정경대,02-303-9939
None,None,None
파미에파크점,서울특별시 서초구 사평대로 205 파미에스테이션 1층,02-926-7775
쌍용시티점,서울특별시 영등포구 도영로7길 15-1,None
스타필드코엑스몰1호점,서울특별시 강남구 영동대로 513(삼성동) B1 P101호,02-2201-0333
스타필드코엑스몰2호점,서울특별시 강남구 영동대로 513(삼성동) B1F A105호,02-3408-5019
을지로3가점,서울특별시 중구 을지로14길 21,02-2269-6077
마곡대방점,서울특별시 강서구 양천로 344(마곡동),None
스타필드코엑스몰4호점,서울특별시 강남구 영동대로 513(삼성동) B1 C109호,None
대림중심점,서울특별시 구로구 구로중앙로14길 28 (구로동),None
성수AK점,서울특별시 성동구 연무장길 76,02-499-2980
selfSK대영충전소점,서울특별시 강서구 양천로 242 1층,None
R종로성대점,서울특별시 종로구 성균관로 13,02-544-9932
한국은행점,서울특별시 중구 남대문로5길 9,070-4415-7776
중화바른점,서울특별시 중랑구 동일로136나길 37,None
등촌현대점,서울특별시 강서구 공항대로45길 24,02-6916-1500
R연희햇살점,서울특별시 서대문구 가좌로 31,02-404-0222
관악문성로점,서울특별시 관악구 문성로38길 25,None
송파한신점,서울특별시 송파구 동남로3길 9,None
경희대간호이과대점,서울특별시 동대문구 경희대로 26,None
경희대간호이과대위성점,서울특별시 동대문구 경희대로 26,None
None,None,None
현대카드1관점,"서울특별시 영등포구 의사당대로 3 B1,현대캐피탈1관",None
대림다사랑점,서울특별시 영등포구 디지털로53가길 2-2,070-8850-7954
self현대카드3관점,서울특별시 영등포구 의사당대로 3,None
None,None,070-7719-6181
가산포휴점,서울특별시 금천구 가산디지털1로 225,02-835-8351
None,None,None
self광진삼성점,서울특별시 광진구 아차산로70길 17-17,02-3452-2577
건대차이나점,서울특별시 광진구 동일로18길 44,None
self제인병원점,서울특별시 성동구 광나루로 243,02-388-4698
None,None,None
self힐스포파크점,서울특별시 동대문구 답십리로 209,None
None,None,None
self홍제행복기숙사점,서울특별시 서대문구 송죽길 62,070-7728-8088
None,None,02-2297-7774
R경희대청운관점,서울특별시 동대문구 경희대로 26-6,None
경희대의과대점,서울특별시 동대문구 경희대로 26,None
수유청수점,서울특별시 강북구 인수봉로55길 8,None
고대타이거플라자점,서울특별시 성북구 안암로 145 타이거플라자,02-6916-1500
None,None,None
현대홈씨티점,서울특별시 도봉구 도봉로106길 22(창동),070-4120-8741
역삼중앙점,서울특별시 강남구 논현로85길 70,None
None,None,02-910-4979
개봉사랑점,서울특별시 구로구 개봉로15길 36,None
게이트웨이점,서울특별시 용산구 후암로 107,None
selfKIST점,서울특별시 성북구 화랑로14길 5,02-2678-0952
None,None,02-576-5007
구의르네점,서울특별시 광진구 광나루로39길 7,02-409-8213
None,None,02-3394-8711
홍은더프라임점,서울특별시 서대문구 통일로 530,None
경희대도서관점,서울특별시 동대문구 경희대로 26,None
면목본점,서울특별시 중랑구 겸재로9길 15,070-4403-0991
None,None,None
self국립항공박물관점,서울특별시 강서구 하늘길 177,None
None,None,070-7705-9567
경희대경영대점,서울특별시 동대문구 경희대로 26,070-7725-3331
None,None,None
경희대청운관위성점,서울특별시 동대문구 경희대로 26,None
None,None,02-6425-1255
경희대의과대위성점,서울특별시 동대문구 경희대로 26,070-8802-2130
None,None,02-910-4976
경희대도서관위성점,서울특별시 동대문구 경희대로 26,02-910-4956
None,None,02-2067-3030
중랑진선미2호점,서울특별시 중랑구 동일로139길 78,070-7728-1040
None,None,None
금천빌리지점,서울특별시 금천구 독산로33길 33,None
천호도서관점,서울특별시 강동구 성안로31길 42,070-7705-8772
종로동묘점,서울특별시 종로구 종로52길 54,02-820-0078
R개포국악점,서울특별시 강남구 논현로6길 11,None
서초네오점,서울특별시 서초구 서초중앙로20길 37,None
도화현대점,서울특별시 마포구 새창로 40,070-8811-0750
은평수색빌리지점,서울특별시 은평구 수색로22가길 9-1,None
None,None,070-8872-2004
한강망원지구점,서울특별시 마포구 마포나루길 435,02-3789-1273
None,None,070-8260-5579
R종암래미안점,서울특별시 성북구 종암로23길 35,070-4779-2727
None,None,02-930-0219
면목미래점,서울특별시 중랑구 면목로72가길 19,070-8826-6839
R용산트리스퀘어점,서울특별시 용산구 백범로99길 40,070-8804-6839
종로BS타워점,서울특별시 종로구 종로35길 12,02-858-8376
마포연남점,서울특별시 마포구 동교로 281,02-962-7646
마포프레스티지점,서울특별시 마포구 대흥로24길 24,070-4779-2727
셀립여의에프앤비점,서울특별시 영등포구 영등포로 389(신길동) 베니키아프리미어여의도호텔 1층,070-4760-7787
None,None,070-7700-2020
정릉개울점,서울특별시 성북구 정릉로23길 48-3,None
None,None,02-2606-9369
양천오목로점,서울특별시 양천구 오목로15길 28,None
영등포어반점,서울특별시 영등포구 국회대로54길 55,None
None,None,02-304-9883
self신세계프라퍼티점,서울특별시 강남구 테헤란로 231,02-2091-0128
None,None,02-895-0485
항동행정센터점,서울특별시 구로구 연동로 197,070-4454-0033
도산대로점,서울특별시 강남구 도산대로 309 1층,070-8804-5091
None,None,None
쌍문타운점,서울특별시 도봉구 노해로48길 113,02-453-1116
화곡까치점,서울특별시 강서구 까치산로 161,070-4196-7045
None,None,070-8804-3841
휘경베스트점,서울특별시 동대문구 장안벚꽃로5길 19,02-828-7416
None,None,070-8803-4780
R영등포아자점,서울특별시 영등포구 영중로10길 6,02-6251-8600
None,None,02-433-4622
스마트코엑스점,서울특별시 강남구 영동대로 513 H115호,None
가든파이브x바쿠스점,"서울특별시 송파구 충민로 66 가든파이브 리빙관 지하1층, 1001호",070-5029-0231
잠실아이파크점,서울특별시 송파구 강동대로 74 2층 202호,02-6104-7188
관악초등학교점,서울특별시 관악구 쑥고개로11길 29,070-8804-7202
국민대생활관점,서울특별시 성북구 정릉로 77,02-463-7310
self대림성모병원점,서울특별시 영등포구 시흥대로 657,02-356-6080
None,None,None
R센터필드점,서울특별시 강남구 테헤란로 231 B1층,070-4045-8243
None,None,02-2260-8966
R은평응암로점,서울특별시 은평구 응암로 181,None
은평갈현로점,서울특별시 은평구 갈현로4길 5,02-909-6416
None,None,None
고대하나스퀘어점,서울특별시 성북구 안암로 145,02-6080-5007
장안스타점,서울특별시 동대문구 한천로2길 77(장안동),02-470-6668
None,None,None
능동점,서울특별시 광진구 천호대로122길 33(능동),None
파라스파라서울점,서울특별시 강북구 삼양로 689-1,None
쌍림한국점,서울특별시 중구 마른내로 138 1층 2호,None
홍제문화공원점,서울특별시 서대문구 세검정로4길 10,None
None,None,None
금천한미점,서울특별시 금천구 독산로 134,None
None,None,02-3437-0343
한양대학교인문관점,서울특별시 성동구 왕십리로 222 인문관 B1,070-8806-5935
None,None,070-5066-1586
광진프라임점,서울특별시 광진구 동일로 92-1 1층,None
개봉점,서울특별시 구로구 개봉로12길 12,02-6204-3633
None,None,070-8806-3875
R강남세무서점,서울특별시 강남구 학동로67길 14,02-6941-1289
세종대기숙사점,서울특별시 광진구 군자로 121,02-2260-8966
서교중앙점,서울특별시 마포구 월드컵북로5길 68,02-2269-0988
None,None,02-401-2527
봉천태양점,서울특별시 관악구 양녕로6길 38(봉천동) 1층,070-7723-4165
SMART가락제일점,서울특별시 송파구 송파대로 260,02-304-1982
숭실대조만식기념관점,서울특별시 동작구 상도로 369 조만식기념관2F,None
None,None,None
숭실대형남공학관점,서울특별시 동작구 상도로 369 형남공학관2F,02-540-0566
None,None,02-2677-2275
숭실대라운지점,서울특별시 동작구 상도로 369 신양관 1층,070-8806-8815
None,None,070-8806-7270
뉴가양8단지점,"서울특별시 강서구 허준로 176 상가동 105호, 106호",02-3157-6411
None,None,None
성북석관고교점,서울특별시 성북구 한천로68길 36,None
None,None,070-8807-9371
self위례대길점,서울특별시 송파구 위례광장로 193,070-4220-3773
None,None,070-7537-2849
왕십리도선점,서울특별시 성동구 무학로8길 42-2,02-553-1184
길동제일점,서울특별시 강동구 양재대로 111길 10,070-8805-5293
None,None,None
미아솔매점,서울특별시 강북구 솔매로 146-1,None
대림타운점,서울특별시 영등포구 디지털로38길 15,None
R남가좌진성점,서울특별시 서대문구 증가로10길 16-41,None
None,None,None
R논현TJ점,서울특별시 강남구 논현로121길 27,None
성공회대점,서울특별시 구로구 연동로 320 지하1층,None
None,None,02-401-3889
구산타운점,서울특별시 은평구 갈현로 159,None
R중곡역점,서울특별시 광진구 능동로 400 보건복지행정타운 1층 136호,070-8807-1101
None,None,02-866-2282
신사효성점,서울특별시 은평구 갈현로3길 21,02-588-8332
None,None,None
월계풍림점,서울특별시 노원구 화랑로45길 10-16,070-8807-3153
None,None,None
R강북419점,서울특별시 강북구 4.19로 45,02-421-8523
왕십리청계벽산점,서울특별시 성동구 무학로 44,None
인덕대후문점,서울특별시 노원구 초안산로2라길 1,070-8800-8434
None,None,02-2296-1559
가양스카이밸리점,"서울특별시 강서구 화곡로 416 131호, 131-1호",02-2253-2222
None,None,070-8287-1266
쌍문한양점,서울특별시 도봉구 시루봉로 56 한양6차 상가 101호,02-2298-7999
None,None,02-2687-0098
구로구민회관점,서울특별시 구로구 가마산로25길 8(구로동),02-941-7770
동작상도점,서울특별시 동작구 상도로 37길 30,None
None,None,070-4263-0070
석관한천점,서울특별시 성북구 한천로78길 49,070-8287-1798
이대기숙사점,서울특별시 서대문구 이화여대길 52 (대현동 이화여자대학교),070-8855-9431
None,None,070-4649-5198
국민대공학관점,서울특별시 성북구 정릉로 77,02-779-9788
R관악에이스점,서울특별시 관악구 인헌3길 31 상가동 103호,None
None,None,02-932-0346
동대문브이티점,서울특별시 동대문구 장한로28가길 17 101호,02-356-7189
None,None,None
영등포점,서울특별시 영등포구 경인로 861,02-922-0711
R양재선일빌딩점,서울특별시 서초구 바우뫼로41길 39,02-790-0604
R문정로데오점,서울특별시 송파구 송이로 171,None
장안신부점,서울특별시 동대문구 장한로36길 15,02-828-7416
마포성산점,서울특별시 마포구 성미산로 91,02-402-2065
None,None,070-8820-1316
장안미소점,서울특별시 동대문구 장한로10길 25-2,None
None,None,02-3412-0034
강일푸르내점,서울특별시 강동구 상일로12길 99 리엔프라자 1층 108호,None
R홍제안산점,서울특별시 서대문구 모래내로24길 29,None
None,None,None
R인덕대학교점,서울특별시 노원구 초안산로 12 인덕대학교 연지스퀘어 B1,None
None,None,070-8820-9855
구로스위트점,서울특별시 구로구 가마산로9길 7,070-8820-3889
R서울의료원점,서울특별시 중랑구 신내로 156 서울의료원 지하1층,None
뉴마곡747점,서울특별시 강서구 공항대로 168,None
None,None,None
북악스카이웨이점,서울특별시 종로구 북악산로 267,None
None,None,None
SMART바쿠스X하늘공원점,서울특별시 송파구 충민로 66 가든파이브 테크노관 10층,02-408-6668
휘경스타점,서울특별시 동대문구 망우로 14,None
국민대북악관점,서울특별시 성북구 정릉로 77 북악관,070-8820-6721
국민대과학관점,서울특별시 성북구 정릉로 77 과학관,None
가산디지털밸리점,서울특별시 금천구 가산디지털1로 142 108호,02-409-2255
관악신림빌리지점,서울특별시 관악구 남부순환로161나길 40,None
동국대상록원점,서울특별시 중구 필동로1길 30 상록원,070-7785-8602
None,None,02-6015-2664
노원청원학원점,서울특별시 노원구 한글비석로 506 청원학원 행정동 1층,02-386-4261
None,None,None
도봉서울가든점,서울특별시 도봉구 도봉로187길 63,None
SMART숭실대숭덕경상관점,서울특별시 동작구 상도로 369 숭실대학교 숭덕경상관,None
용두중앙점,서울특별시 동대문구 고산자로30길 24(용두동),None
None,None,None
SMART삼육추모관점,서울특별시 동대문구 망우로 82 추모관 1층,None
None,None,02-312-2122
S동대문DDP역점,서울특별시 중구 을지로 279 205-106호,None
R문정대명점,서울특별시 송파구 새말로 136,None
None,None,02-744-2238
효창골프장점,서울특별시 용산구 효창원로 164 B동 1층,None
S을지로입구역점,서울특별시 중구 을지로 54-1 B1-61,None
문정트라움점,서울특별시 송파구 동남로8길 30-25 103호,None
SMART성신여대운정그린점,서울특별시 강북구 도봉로76가길 55 성신여대운정그린캠퍼스 지하 1층,070-7795-6641
수락상록점,"서울특별시 노원구 동일로 241가길52(상계동,스위트리아)",None
세종대광개토관점,서울특별시 광진구 능동로 209 세종대학교 광개토관 B1,02-943-6420
세종대율곡관점,서울특별시 광진구 능동로 209 세종대학교 율곡관B1,02-471-3855
구로역점,서울특별시 구로구 새말로 18(구로동),None
석관중앙점,서울특별시 성북구 한천로71길 26,None
성신여대수정관점,서울특별시 성북구 보문로34다길 2 수정관 1층,02-2619-0798
호반건설사옥점,서울특별시 서초구 양재대로2길 18 1층,None
월계예지점,서울특별시 노원구 초안산로1길 18 상가 3호,None
R성수낙낙점,"서울특별시 성동구 아차산로17길 49 A동 104,105호",02-926-7775
None,None,None
목동로데오점,"서울특별시 양천구 신정중앙로19길 7(신정동, 춘당아네시스)",None
R중랑초등학교점,서울특별시 중랑구 봉우재로 25,02-6454-6148
None,None,None
서교미래점,서울특별시 마포구 월드컵북로5나길 21,02-304-1161
None,None,None
R응암증산점,서울특별시 은평구 응암로9길 19,None
공릉효성점,서울특별시 노원구 노원로 62,None
가산점,서울특별시 구로구 남부순환로105가길 16,070-8287-2923
건대건이점,서울특별시 광진구 능동로8길 22,None
화곡사거리점,서울특별시 강서구 화곡로21길 16,None
이화여대점,서울특별시 서대문구 이화여대길 70,None
None,None,None
서울어린이대공원정문점,서울특별시 광진구 능동로 216,02-379-0516
화곡중앙점,서울특별시 강서구 강서로35길 70,None
R논현스타점,서울특별시 강남구 봉은사로1길 42,None
숭실대학생회관점,서울특별시 동작구 상도로 369 학생회관 4층,070-8873-1711
서초옴니버스파크점,서울특별시 서초구 반포대로 222 서울성모병원 가톨릭대학교 옴니버스파크 지하 3,None
R수서사이룩스점,서울특별시 강남구 광평로 295 서관 103호,02-416-2340
망우로이점,서울특별시 중랑구 용마산로117길 17,None
홍은빌리지점,서울특별시 서대문구 연희로41가길 34,None
None,None,None
R강서방화점,서울특별시 강서구 양천로14길 44 1층,None
구로초교점,서울특별시 구로구 구로중앙로27다길 26 1층,070-8833-9820
청량리태양점,서울특별시 동대문구 제기로28길 9,None
청량리신역사점,서울특별시 동대문구 제기로38길 14,None
R은평역촌역점,서울특별시 은평구 서오릉로 58,None
강서나눔점,서울특별시 강서구 양천로73길 49,None
None,None,02-415-5073
R연세로점,서울특별시 서대문구 연세로 30,02-6466-1122
동국대학림관점,서울특별시 중구 필동로1길 30 동국대학교 학림관 B1,None
R자곡시티점,서울특별시 강남구 자곡로 192,02-2608-8932
None,None,None
정릉508점,서울특별시 성북구 북악산로1길 58 B1F,None
중랑중화점,서울특별시 중랑구 동일로123길 73,None
None,None,070-8832-7731
R은평우정점,서울특별시 은평구 통일로 805,None
R둔촌중앙점,서울특별시 강동구 진황도로 156,None
청담좋은날점,서울특별시 강남구 영동대로128길 5 청구상가 101-102호,None
None,None,None
SMART명지대인문점,서울특별시 서대문구 거북골로 34 종합관(구 본관) 4층 1445호,None
None,None,None
SMART효창공원점,서울특별시 마포구 임정로 55,None
None,None,None
R금호파크힐스점,서울특별시 성동구 금호로 140 신금호파크힐스 단지내상가 B동 201호,None
None,None,None
용산센트럴점,서울특별시 용산구 한강대로 95 용산레미안 더센트럴 B 146호,None
None,None,None
응암스카이점,서울특별시 은평구 백련산로4길 10,None
None,None,None
SMARTSSG점,서울특별시 강남구 테헤란로 231 센터필드 east동 21층,None
None,None,None
자양스타점,서울특별시 광진구 자양로13길 47,02-304-6151
중화태릉시장점,서울특별시 중랑구 중랑역로 57,None
목동법원점,서울특별시 양천구 오목로48길 30,None
SMART경기대서울학생회관점,서울특별시 서대문구 경기대로9길 24 경기대학교 학생회관,None
None,None,02-3492-8880
SMART삼성S&J빌딩점,서울특별시 강남구 영동대로106길 9,None
구의강변점,서울특별시 광진구 구의강변로 64,02-547-1188
강북제일점,서울특별시 강북구 오현로9길 126-2 지하층,None
동국대문화관점,서울특별시 중구 필동로1길 30 동국대학교 문화관 1층,None
SMART을지로패션타운점,서울특별시 중구 을지로 227 서울패션벤처타운 B235,None
마천파크데일점,서울특별시 송파구 성내천로 261 101호,None
R홍대기숙사점,서울특별시 마포구 와우산로 94 홍익대학교 제2기숙사 B117,02-793-1665
R센트럴DMC점,서울특별시 은평구 수색로 200,None
이태원해밀턴점,서울특별시 용산구 이태원로 173,02-554-9040
None,None,02-6916-1500
문래삼환점,서울특별시 영등포구 도림로143길 30,None
None,None,None
R신사케이타워점,서울특별시 강남구 도산대로 119,None
영등포메인점,서울특별시 영등포구 영등포로46길 3,None
위례포레샤인점,서울특별시 송파구 위례순환로 477 근린2상가 104호,None
행당푸르지오점,서울특별시 성동구 고산자로8길 29,070-7718-6641
불광에비뉴점,서울특별시 은평구 통일로71길 24-1,02-336-8490
숙대도서관점,서울특별시 용산구 청파로43길 70,None
None,None,None
R청담라클래시점,서울특별시 강남구 삼성로 651,None
None,None,None
묵동자이점,서울특별시 중랑구 숙선옹주로 6-9,None
R이태원점,서울특별시 용산구 회나무로26길 12,None
R동대문엘리니티점,서울특별시 동대문구 안암로12길 15,02-745-8770
R삼성에이타워점,서울특별시 강남구 테헤란로79길 11-1,02-702-7535
합정당인점,서울특별시 마포구 토정로5길 30 (합정동),None
영등포우체국점,서울특별시 영등포구 선유동2로 13,None
None,None,None
청담리테일점,서울특별시 강남구 영동대로137길 3 1층 102호,None
None,None,None
뉴강남도곡점,서울특별시 강남구 논현로38길 8,None
None,None,None
동국대문화관위성법학관점,서울특별시 중구 필동로1길 30,None
None,None,None
동국대문화관위성도서관점,서울특별시 중구 필동로1길 30,None
None,None,02-404-9888
경희대생과대점,서울특별시 동대문구 경희대로 26 경희대학교 생활과학대학 B1,None
None,None,None
경희대생과대위성점,서울특별시 동대문구 경희대로 26,02-538-9569
None,None,None
영릉송파가락점,서울특별시 송파구 오금로34길 6,None
성균관법고을점,서울특별시 종로구 성균관로 25-2 법학관 지하2층,None
None,None,None
용산삼일점,서울특별시 용산구 청파로 299,None
R관악신세계점,"서울특별시 관악구 난곡로 100 B1층 2~4, 20~23호",None
동작사당점,서울특별시 동작구 동작대로1길 45 1층,None
R공항대로점,서울특별시 강서구 공항대로2길 64,02-866-9741
None,None,070-4453-1798
광진워커힐점,서울특별시 광진구 아차산로 633,None
퇴계로점,서울특별시 중구 퇴계로 247 1층,None
None,None,02-356-8640
신천대박점,서울특별시 송파구 올림픽로12길 4-15,None
신림드림점,서울특별시 관악구 남부순환로161가길 45,None
None,None,None
송파BRCM3호점,서울특별시 송파구 마천로 14,070-4413-0355
한마음한양대역점,서울특별시 성동구 왕십리로 206 209-03호,None
신당점,서울특별시 중구 난계로 163(황학동) 올리브 101,None
R궁동점,서울특별시 구로구 부일로17길 158-3,None
마장형제점,서울특별시 성동구 고산자로26길 15,None
R구로동부점,서울특별시 구로구 고척로 49,None
R꿈의숲아이파크점,"서울특별시 성북구 돌곶이로40길 46 상가 103호, 104호",070-4102-2020
강서증미점,서울특별시 강서구 양천로60길 43 1층,None
None,None,None
성북장위점,서울특별시 성북구 장월로 89-1,None
건대산학협동관점,서울특별시 광진구 능동로 120 산학협동관 1층,None
R고척중앙점,서울특별시 구로구 경인로47길 126-5,None
방송통신대본부점,서울특별시 종로구 대학로 86 한국방송통신대학교 대학본부1층,02-588-4059
명동중앙로점,서울특별시 중구 명동8길 21-7 지하1층,None
영등포푸른숲마을점,서울특별시 영등포구 가마산로79길 46 푸른숲마을아파트상가,None
None,None,None
상계주공6단지점,서울특별시 노원구 노해로 506 101호,02-383-9589
R은평서부점,서울특별시 은평구 진흥로 53,None
왈도강서캠퍼스점,서울특별시 강서구 양천로 660 L03호,None
None,None,None
고대원룸점,서울특별시 동대문구 제기로4길 14,None
R이태원스카이점,서울특별시 용산구 녹사평대로 168,None
용산한남점,서울특별시 용산구 한남대로40길 25,None
None,None,None
SMART숭실대전산관점,서울특별시 동작구 상도로 369 전산관1층,None
송파거여점,서울특별시 송파구 성내천로18길 1,None
신정스타점,서울특별시 양천구 오목로38길 23 신정동 1층,None
R마천중앙점,서울특별시 송파구 성내천로 236,None
None,None,None
개포상록스타힐스점,서울특별시 강남구 영동대로 16 상록스타힐스아파트 912동 102호,None
R용산보광점,서울특별시 용산구 보광로 63,None
None,None,None
구로모범점,서울특별시 구로구 구로동로21가길 2,None
None,None,None
R성수대우점,서울특별시 성동구 동일로 143,02-6401-8765
None,None,None
신도림푸르지오점,서울특별시 구로구 경인로 619-3 101호,02-955-4595
None,None,None
R상봉스타점,서울특별시 중랑구 면목로92길 42,None
영릉송파방이역점,서울특별시 송파구 위례성대로18길 31-20 101호,02-2233-8892
SMART용산청운점,서울특별시 용산구 효창원로 240,02-6282-1600
None,None,None
R목동중앙점,서울특별시 양천구 목동중앙본로20길 57 B1,02-481-8945
None,None,None
종로익선동점,서울특별시 종로구 삼일대로32길 54,None
None,None,None
영등포구청점,서울특별시 영등포구 당산로31길 13 영보빌딩,None
None,None,None
광진구민체육센터점,서울특별시 광진구 구천면로 14 2층,None
None,None,None
송파오금로점,서울특별시 송파구 오금로38가길 21,None
SMART신세계본사점,서울특별시 서초구 신반포로 194 서울고속버스터미널점 5층,None
None,None,None
강서화곡마을점,서울특별시 강서구 등촌로13바길 98,None
성북종암점,서울특별시 성북구 종암로14길 12,None
None,None,None
마천사거리점,서울특별시 송파구 마천로41길 1,02-2636-8025
창동동아점,서울특별시 도봉구 노해로70길 12,None
None,None,None
뉴월곡역점,서울특별시 성북구 화랑로 77,070-4238-6328
성산중앙점,서울특별시 마포구 월드컵로30가길 26,None
역촌럭키점,서울특별시 은평구 연서로4길 5,None
송파엘노아점,서울특별시 송파구 가락로21길 14,None
None,None,None
R벽산밸리점,서울특별시 구로구 디지털로 271 B1층 106호,02-954-8115
None,None,None
SMARTBRCM5호점,서울특별시 송파구 가락로39길 4,None
None,None,None
당산포레나점,서울특별시 영등포구 당산로16길 11-1 1층,None
None,None,None
R고려대현대차경영관점,서울특별시 성북구 안암로 145 고려대학교 현대자동차경영관 B1,None
None,None,None
송파문정점,서울특별시 송파구 송이로34길 15,02-336-8544
None,None,None
R서대문북아현점,서울특별시 서대문구 북아현로 84,None
R한양여대스퀘어점,서울특별시 성동구 살곶이길 200 한양여자대학교 행원스퀘어 B1,02-2644-1110
None,None,02-466-9054
SMART장위지웰점,서울특별시 성북구 한천로 660-16 장위지웰에스테이트상가 106호,None
None,None,None
종로대학로점,서울특별시 종로구 대학로11길 23,None
R성수2가점,서울특별시 성동구 성덕정길 84,02-857-8556
None,None,None
R사당교보점,서울특별시 동작구 동작대로13길 3,None
None,None,02-3286-1225
금천느티나무점,서울특별시 금천구 독산로28길 11 1층,None
None,None,None
왕십리신스타점,서울특별시 성동구 무학봉15가길 7,02-6916-1500
신길뉴타운점,서울특별시 영등포구 신길로 119,None
None,None,None
R화계역점,서울특별시 강북구 덕릉로 46,None
강동둔촌현대점,서울특별시 강동구 명일로10길 25,None
R강동리버뷰점,서울특별시 강동구 올림픽로91길 30 상가동 1층,None
None,None,None
R연세대SK학사점,서울특별시 서대문구 연세로 50 연세대학교 SK국제학사 B2,02-2646-8781
None,None,None
SMART고척사랑점,서울특별시 구로구 고척로27다길 35-11,None
동국대혜화관점,서울특별시 중구 필동로1길 30 동국대학교 혜화관 4층,None
None,None,070-4278-0079
고대중앙도서관점,서울특별시 성북구 안암로 145 중앙도서관 지하 1층,None
None,None,None
고대운초우선교육관점,서울특별시 성북구 안암로 145 고려대학교 운초우선교육관 B1F,None
동국대혜화관위성점,서울특별시 중구 필동로1길 30,None
None,None,None
중앙대법학관점,서울특별시 동작구 흑석로 84 중앙대학교 법학관,None
None,None,None
엔터식스한양대점,서울특별시 성동구 왕십리로 241 서울숲더샵 201동 B101호,None
중곡용마로점,서울특별시 광진구 용마산로 183,None
None,None,None
명지대길점,서울특별시 서대문구 명지대3길 42-1 B02호,None
장안라보니타점,서울특별시 동대문구 장한로26가길 81,None
None,None,None
오금역점,서울특별시 송파구 중대로25길 6,None
None,None,None
개봉중앙점,서울특별시 구로구 개봉로5길 23,None
None,None,None
서강대마태오관점,서울특별시 마포구 백범로 35 서강대학교 마태오관 2층,None
잠실서일점,서울특별시 송파구 백제고분로11길 5,None
None,None,None
한강여의도4호점,서울특별시 영등포구 여의서로 62,None
None,None,None
한강여의도3호점,서울특별시 영등포구 여의서로 62 /지번주소: 서울 영등포구 여의도동 84,None
None,None,None
한강양화3호점,서울특별시 영등포구 노들로 99,None
None,None,None
동신병원점,서울특별시 서대문구 연희로 276,None
R문정역점,서울특별시 송파구 송파대로20길 4 1층,None
None,None,None
R방학파스텔점,서울특별시 도봉구 방학로4길 72,None
None,None,None
R서울고속터미널5호점,"서울특별시 서초구 신반포로 194 고속터미널 B1층 29,30호",None
한양여대행원파크점,서울특별시 성동구 왕십리로 222 한양여대 행원파크,None
None,None,None
R송파하모니점,서울특별시 송파구 백제고분로32길 17,None
여의콤비점,서울특별시 영등포구 63로 32 102호,None
None,None,None
한국체육대학교점,서울특별시 송파구 양재대로 1239 도서관(학생회관) B103호,None
None,None,None
R고려대안암병원점,서울특별시 성북구 고려대로 73 고려대안암병원 본관 2층,None
None,None,None
현대엔지니어링점,서울특별시 종로구 율곡로 75 현대엔지니어링 사옥 1층,None
None,None,None
R서울웨이브점,서울특별시 서초구 잠원로 145-35,02-886-1008
양천강서고점,서울특별시 양천구 목동중앙남로3길 3 1층,None
None,None,None
송파파인타운점,서울특별시 송파구 충민로 151 단지상가 102호,02-520-3214
None,None,None
R뉴청담본점,서울특별시 강남구 도산대로66길 43 101호,None
None,None,070-7700-9596
R신사카페점,서울특별시 은평구 갈현로3길 46-26 1+2층,None
None,None,None
송파나현점,서울특별시 송파구 삼학사로13길 4,None
R을지로국도호텔점,서울특별시 중구 을지로 164 1층,None
동덕여자대학교점,서울특별시 성북구 화랑로13길 60 동덕여대 대학원 1층,None
None,None,None
신정오목로점,서울특별시 양천구 오목로 128,None
SMART이마트본사점,서울특별시 중구 세종대로7길 37 17층 일부(순화동),None
None,None,None
역삼센터점,서울특별시 강남구 테헤란로38길 40,None
None,None,None
석촌고분점,서울특별시 송파구 백제고분로37가길 6 101호,None
None,None,None
R광진아리수점,서울특별시 광진구 광나루로 586,None
청담에이스점,서울특별시 강남구 도산대로 542 101호,None
None,None,None
대치은마점,서울특별시 강남구 삼성로58길 39 1층 102~103호,None
None,None,None
양평비즈타워점,서울특별시 영등포구 영등포로 33 105호,None
None,None,None
R역삼소나무점,서울특별시 강남구 강남대로62길 33,None
None,None,None
R응암프리미엄점,서울특별시 은평구 응암로16길 20,None
None,None,None
옥수하이츠점,서울특별시 성동구 한림말길 48,None
None,None,None
SMART서울대연건생활관점,서울특별시 종로구 대학로 101 서울대학교병원 연건학생생활관 지하 1층,None
None,None,None
R서초강나루점,서울특별시 서초구 헌인릉길 23 지번주소: 서울시 서초구 내곡동 1-1459,None
None,None,None
구로스카이점,서울특별시 구로구 구로동로7길 100,None
None,None,None
R가락탑점,"서울특별시 송파구 송파대로28길 24 101,102,106호",None
None,None,None
은평와산교점,서울특별시 은평구 증산로 363 1층,None
None,None,None
연신내대조점,서울특별시 은평구 연서로26길 26,None
None,None,None
SMART오류솔하임점,서울특별시 구로구 경인로 187 102-1호,None
None,None,None
RDMC중앙점,서울특별시 은평구 수색로18길 4-1,None
None,None,None
성수IT점,서울특별시 성동구 광나루로 130 103호,None
None,None,None
영등포포레나점,서울특별시 영등포구 당산로 83 상가동 104-1호,None
None,None,None
홍은포레스트점,서울특별시 서대문구 가좌로4길 32,
서초강나루위성점,서울특별시 서초구 헌인릉길 23,
None,None,
R서경대청운관점,서울특별시 성북구 서경로 124 서경대학교 청운관,
None,None,
방배경찰서점,서울특별시 서초구 방배천로 62,
None,None,
R방학센터점,서울특별시 도봉구 시루봉로17길 23,
제기현대점,서울특별시 동대문구 정릉천동로 90 상가,
None,None,
R역삼윤이점,서울특별시 강남구 논현로63길 7,
어반322점,서울특별시 영등포구 양평로25길 8 108호 일부,
None,None,
잠실올스타점,서울특별시 송파구 백제고분로19길 30,
None,None,
상계10단지점,서울특별시 노원구 한글비석로 571,
None,None,
공릉샘말점,서울특별시 노원구 동일로184길 15,
None,None,
R이태원피닉스점,서울특별시 용산구 이태원로27길 13,
남도학숙점,서울특별시 동작구 여의대방로44길 46 1층,
None,None,
R가산하이엔드점,서울특별시 금천구 벚꽃로24길 26,
가산대명벨리온점,서울특별시 금천구 가산디지털2로 127-33 106호,
은평갈현점,서울특별시 은평구 갈현로45길 8,
None,None,
서소문순화빌딩점,서울특별시 중구 서소문로 89 2층 203호,
None,None,
동일타워점,서울특별시 강남구 테헤란로114길 38 동일타워 3층,
None,None,
가산모비우스점,서울특별시 금천구 가산디지털2로 169-23 109-11호,
None,None,
뉴강서우장산점,서울특별시 강서구 우장산로 104 101호,
None,None,
장안은하수점,서울특별시 동대문구 답십리로 271-3,
마포성산동점,서울특별시 마포구 성미산로 9,
SMART오피스디포학동역점,서울특별시 강남구 언주로 703,
None,None,
뉴가산지웰점,서울특별시 금천구 가산로9길 12-8 110호,
None,None,
R한성대창의관점,서울특별시 성북구 삼선교로16길 116 창의관 지하1층,
None,None,
전농배봉로점,서울특별시 동대문구 서울시립대로 118,
None,None,
중소기업중앙회점,서울특별시 영등포구 은행로 30 2층,
None,None,
마포하늘공원점,서울특별시 마포구 하늘공원로 95,
None,None,
한성대입구역점,서울특별시 성북구 동소문로 3-1,
SMART불교방송점,서울특별시 마포구 마포대로 20 B1층,
R건국대레이크홀점,서울특별시 광진구 능동로 120 레이크홀 지하1층,
None,None,
장위빌리지점,서울특별시 성북구 장월로 45,
None,None,
문정푸르지오점,서울특별시 송파구 법원로4길 5,
None,None,
R은평한빛점,서울특별시 은평구 연서로5길 7,
None,None,
동작대방점,서울특별시 동작구 여의대방로 250 상가동 1-21호,
None,None,
사가정역점,서울특별시 중랑구 용마산로51길 52,
None,None,
SMART경희대음악대점,"서울특별시 동대문구 경희대로 26 음악대학,크라운관",
None,None,
청량리수산시장점,서울특별시 동대문구 왕산로30길 18,
None,None,
self녹천역점,서울특별시 도봉구 노해로66길 83-40,
None,None,
삼육보건대점,서울특별시 동대문구 망우로 82 삼육보건대학교 S관,
None,None,
상도롯데캐슬점,서울특별시 동작구 양녕로 220 지하 1호,
R해방촌점,서울특별시 용산구 신흥로11길 1,
None,None,
삼성래미안점,서울특별시 강남구 봉은사로109길 35,
None,None,
선릉공원점,서울특별시 강남구 테헤란로69길 8,
광진클래식점,서울특별시 광진구 능동로 90,
None,None,
JLL회기로점,서울특별시 동대문구 회기로29길 34,
None,None,
SMART연희비전점,서울특별시 서대문구 연희로 88,
None,None,
대림제일점,서울특별시 영등포구 도림로39길 7-2,
None,None,
R노원은빛1단지점,서울특별시 노원구 동일로245길 162 지하 1층,
None,None,
여의도공원4호점,서울특별시 영등포구 여의공원로 68,
None,None,
R마포망원로점,서울특별시 마포구 망원로3길 34,
None,None,
관악난향점,"서울특별시 관악구 난곡로 60(신림동) 산타플러스B102,103",
고덕디엠스퀘어점,서울특별시 강동구 고덕비즈밸리로4길 35 디엠스퀘어 105호,
R가산에이원점,서울특별시 금천구 가산디지털1로 205-27,
None,None,
삼양점,서울특별시 강북구 삼양로 235 103호,
None,None,
은평상림점,서울특별시 은평구 진관4로 48-50 729동 101호,
문정힐스테이트점,"서울특별시 송파구 송이로33길 7 101,102호",
None,None,
상봉대광점,서울특별시 중랑구 동일로114길 20 1층,
None,None,
삼성에이스점,서울특별시 강남구 영동대로 640,
None,None,
성내태성점,서울특별시 강동구 성내로 91 103호,
봉일시장점,서울특별시 관악구 봉천로23나길 45,
None,None,
R송파위례힐스테이트점,"서울특별시 송파구 위례광장로 170 힐스테이트상가 B동 101,102호",
None,None,
관악신원점,서울특별시 관악구 남부순환로170길 49(신림동),
None,None,
뉴프라디움점,"서울특별시 마포구 모래내로1길 4 101호,102호",
None,None,
뉴사당남사점,서울특별시 동작구 동작대로17길 10,
None,None,
건대점,서울특별시 광진구 아차산로29길 41,
양평루아점,서울특별시 영등포구 양평로28아길 12 1층,
None,None,
황학이노점,서울특별시 중구 난계로15길 63 106호,
None,None,
갈현타운점,서울특별시 은평구 갈현로19길 4,
None,None,
종로디아트점,서울특별시 종로구 종로18길 37,
None,None,
R방배다현점,서울특별시 서초구 효령로27길 41,
None,None,
서초위브점,서울특별시 서초구 강남대로39길 5,
마곡W타워점,서울특별시 강서구 마곡중앙2로 11,
None,None,
마곡골든점,서울특별시 강서구 마곡중앙6로 89,
None,None,
R가산케이원점,"서울특별시 금천구 가산디지털2로 166 111호, 112호",
None,None,
은평수지점,서울특별시 은평구 연서로34길 33,
역삼서희점,서울특별시 강남구 도곡로3길 19 1층 109호,
None,None,
등촌서현점,서울특별시 강서구 양천로 626,
None,None,
이대과학관점,서울특별시 서대문구 이화여대길 52 종합과학관 D112호,
None,None,
이대아산공학관점,서울특별시 서대문구 이화여대길 52 아산공학관 110호,
None,None,
이대도서관점,서울특별시 서대문구 이화여대길 52 도서관 B103호,
None,None,
이대경영관점,서울특별시 서대문구 이화여대길 52 신세계경영관 B112호,
None,None,
이대아산공학관위성점,서울특별시 서대문구 이화여대길 52,
None,None,
이대학생문화관위성점,서울특별시 서대문구 이화여대길 52,
None,None,
이대음악관점,서울특별시 서대문구 이화여대길 52 음악관 112호,
None,None,
이대조형관점,서울특별시 서대문구 이화여대길 52 조형예술관 19N호,
None,None,
이대도서관위성1호점,서울특별시 서대문구 이화여대길 52,
None,None,
이대조형관위성점,서울특별시 서대문구 이화여대길 52,
None,None,
이대도서관위성2호점,서울특별시 서대문구 이화여대길 52,
None,None,
R이대학생문화관점,서울특별시 서대문구 이화여대길 52 학생문화관 B107호,
None,None,
R이대학관점,서울특별시 서대문구 이화여대길 52 학관 107호,
None,None,
R이대교육관점,서울특별시 서대문구 이화여대길 52 교육관 158호,
None,None,
이대마곡의대점,서울특별시 강서구 마곡동로2길 25 의학관(마곡) 201호,
None,None,
R마포서강해모로점,서울특별시 마포구 독막로22길 3,
R강북래미안트리베라점,서울특별시 강북구 삼양로19길 25 110동 상가 6호,
None,None,
R도봉일아점,서울특별시 도봉구 도봉로181길 34,
R강남차병원점,서울특별시 강남구 논현로 566 차병원 본관 지하1층,
None,None,
양평선유도점,서울특별시 영등포구 양평로30길 38,
None,None,
성동금호점,서울특별시 성동구 장터길 31,
센트럴키오스크점,서울특별시 서초구 신반포로 176,
DMC첨단산업센터점,서울특별시 마포구 성암로 330 DMC첨단센터 지하1층 B105호,
None,None,
R고덕퍼스트점,서울특별시 강동구 양재대로 1708 지하 a111,
대한항공점,서울특별시 강서구 하늘길 260,
None,None,
보라매자이점,서울특별시 동작구 여의대방로22길 121 상가 1124호,
None,None,
금천르네상스점,서울특별시 금천구 시흥대로152길 11-43,
None,None,
R국민대예술관점,서울특별시 성북구 정릉로 77 국민대학교예술관 B1F,
None,None,
양천목동점,서울특별시 양천구 목동중앙북로16길 70,
None,None,
명지대학생회관점,"서울특별시 서대문구 거북골로 34 학생회관 3층(남가좌동, 명지대학교)",
None,None,
노량진중앙점,서울특별시 동작구 노량진로12길 11,
None,None,
장로회신학대점,서울특별시 광진구 광장로5길 25-1 장로회신학대학교 학생회관 1층,
None,None,
문래에이스점,서울특별시 영등포구 선유로13길 25 101~102호,
None,None,
한티대로점,서울특별시 강남구 도곡로 413,
None,None,
건대제일점,서울특별시 광진구 동일로18길 78,
None,None,
역삼은성점,서울특별시 강남구 논현로68길 12 1층,
None,None,
이마트월계점,서울특별시 노원구 마들로3길 15(월계동),
None,None,
영등포미진점,서울특별시 영등포구 버드나루로 87 미진오피스텔102호,
목동현대점,서울특별시 양천구 오목로 337-10 104호,
None,None,
R강북북한산점,서울특별시 강북구 4.19로13길 3 상가 지상 1층,
None,None,
상암디지털큐브점,서울특별시 마포구 상암산로 34 B131호,
문정마에스트로점,서울특별시 송파구 동남로2길 30,
None,None,
R양재잔디점,서울특별시 서초구 매헌로6길 36-9,
None,None,
동작정금마을점,서울특별시 동작구 동작대로 189 1층 102호,
None,None,
독산센터점,서울특별시 금천구 독산로106길 37,
None,None,
도봉둘레길점,서울특별시 도봉구 시루봉로15길 83 1층 2호,
밀리오레호텔명동점,서울특별시 중구 퇴계로 115 3층 일부,
None,None,
문정테라타워점,서울특별시 송파구 송파대로 201 A동 지1층 지-115호,
None,None,
고려대안암병원신관점,서울특별시 성북구 고려대로 73 고려대학교안암병원 신관 4층,
None,None,
수유본점,서울특별시 강북구 인수봉로76길 37,
None,None,
낙성대점,서울특별시 관악구 낙성대역6길 19 1층,
None,None,
중곡사랑점,서울특별시 광진구 자양로53길 70 1층,
None,None,
신반포점,서울특별시 서초구 신반포로15길 29 158호,
None,None,
성산하나점,서울특별시 마포구 월드컵북로 137 B1층,
수유센트럴점,서울특별시 강북구 노해로27길 47 상가1층,
None,None,
영등포영중점,서울특별시 영등포구 양산로 180,
None,None,
등촌백석점,서울특별시 강서구 등촌로55길 50-7,
광진화양점,서울특별시 광진구 아차산로25길 77(화양동),
불암아이파크점,서울특별시 노원구 덕릉로118길 29 상가동 2층 210호,
None,None,
중랑상봉점,서울특별시 중랑구 상봉중앙로8가길 43(상봉동),
None,None,
R구로디지털단지역점,서울특별시 구로구 도림천로 477 232-001호,
None,None,
구로행운점,서울특별시 구로구 구로동로18길 27,
도봉백운점,서울특별시 도봉구 도봉로129길 45 1층,
None,None,
중구가톨릭점,서울특별시 중구 중림로 27 1층,
None,None,
금천별장점,서울특별시 금천구 금하로24길 81,
용산월드마크점,서울특별시 용산구 한강대로 211 103호,
None,None,
은평녹번로점,서울특별시 은평구 녹번로 67 101호,
None,None,
마곡일성점,서울특별시 강서구 마곡중앙로 161-22(마곡동),
동신한강타운점,"서울특별시 강서구 강서로 532 상가동 108,114,115호",
None,None,
답십리래미안점,서울특별시 동대문구 전농로9길 7-1 1호,
None,None,
청담아이어스점,서울특별시 강남구 선릉로152길 7,
None,None,
대치휘문점,서울특별시 강남구 역삼로 531(대치동) 청우빌딩,
None,None,
R한남제일점,서울특별시 용산구 이태원로 245,
None,None,
강남더인피닛점,서울특별시 서초구 사평대로58길 6,
None,None,
목동타워점,서울특별시 양천구 목동서로 221 106호,
여의도SK점,서울특별시 영등포구 국제금융로8길 31(여의도동) SK증권빌딩 1층,
None,None,
쌍문숭미점,서울특별시 도봉구 노해로41길 10 1층,
None,None,
일원삼성점,"서울특별시 강남구 광평로31길 27 B17, B18호",
None,None,
배민점,서울특별시 송파구 위례성대로 2 18층,
서울창업엠플러스점,서울특별시 강서구 마곡중앙8로 14,
None,None,
영등포선유로점,서울특별시 영등포구 선유로 250,
None,None,
천연뜨란채점,"서울특별시 서대문구 독립문로8길 54 B상가동 102호,103호",
None,None,
구로뉴타운점,서울특별시 구로구 개봉로3길 41,
None,None,
서초영동점,서울특별시 서초구 남부순환로347길 64 1층,
None,None,
구의동국점,서울특별시 광진구 광나루로38길 74,
None,None,
대림신길점,서울특별시 영등포구 신길로15길 14 1층,
None,None,
연세대무악학사점,서울특별시 서대문구 연세로 50 연세대학교 무악2학사 B1,
None,None,
공릉개미공원점,서울특별시 노원구 공릉로 111-1,
None,None,
뉴송파한신점,서울특별시 송파구 동남로3길 13,
None,None,
군자동일로점,"서울특별시 광진구 동일로 196 101,102호",
None,None,
서서울모터리움점,서울특별시 강서구 양천로53길 30 102호,
None,None,
여의도파크점,서울특별시 영등포구 의사당대로 38,
None,None,
한강파라다이스점,서울특별시 영등포구 여의동로 252 한강파라다이스,
None,None,
서울고속터미널2호점,"서울특별시 서초구 신반포로 194 서울고속버스터미널 영동선 하차장부 BA-1,2",
None,None,
서울숲ITCT점,서울특별시 성동구 성수일로 10 104호,
None,None,
갈현빌리지점,서울특별시 은평구 갈현로23길 9 1층,
None,None,
문정마에스트로점,서울특별시 송파구 동남로2길 30,
None,None,
논현소망점,서울특별시 강남구 언주로148길 14 청호불교문화원 103호,
None,None,
(ET)대구물류[일반],서울특별시 성동구 뚝섬로 377,
None,None,
(ET)시화물류[일반],서울특별시 성동구 뚝섬로 377,
None,None,
(ET)여주물류[일반],서울특별시 성동구 뚝섬로 377,
None,None,
채널신세계푸드대한항공점,서울특별시 강서구 하늘길 260 5층 식당,
None,None,
채널원주센터,서울특별시 성동구 광나루로 310 푸조비즈타워,
None,None,
채널신세계푸드신세계강남점,서울특별시 서초구 신반포로 176 신세계백화점 강남점 지하 2층 직원식당,
None,None,
채널위펀카카오뱅크여의도점,서울특별시 영등포구 여의대로 108 파크원타워2 36층 사내카페 창고,
None,None,
채널풀무원LG사이언스파크점,서울특별시 강서구 마곡중앙10로 30 엘지사이언스파크 ISC동 지하1층 A존,
None,None,
성동BSD센터CFF점,서울특별시 성동구 왕십리로31길 20,
None,None,
성동BSD센터점,서울특별시 성동구 왕십리로31길 20,
None,None,
채널GP하나금융점,서울특별시 강남구 테헤란로 127 하나금융그룹 강남사옥 13층 라운지,
None,None,
영등포BSD센터CFF점,서울특별시 영등포구 국회대로50길 20,
None,None,
영등포BSD센터점,서울특별시 영등포구 국회대로50길 20,
None,None,
채널CJ우면점,서울특별시 서초구 성촌길 33 삼성전자우면 사업장,
None,None,
강동BSD센터CFF점,서울특별시 강동구 천호대로 1195,
None,None,
강동BSD센터점,서울특별시 강동구 천호대로 1195,
None,None,
관악BSD센터CFF점,서울특별시 관악구 남부순환로 1663,
None,None,
강남BSD센터CFF점,서울특별시 강남구 논현로 611,
None,None,
강남BSD센터점,서울특별시 강남구 논현로 611,
None,None,
채널GP지마켓점,"서울특별시 강남구 테헤란로 152 강남파이낸스센터 34F, 지마켓글로벌 라운지",
None,None,
송파BSD센터점,서울특별시 송파구 가락로 164,
None,None,
송파BSD센터CFF점,서울특별시 송파구 가락로 164,
None,None,
담배공급실비(시스템),서울특별시 성동구 광나루로 310 3층,
None,None,
관악BSD센터T9점,서울특별시 관악구 남부순환로 1663,
None,None,
관악BSD센터점,서울특별시 관악구 남부순환로 1663,
채널GP컴투스점,서울특별시 금천구 가산디지털1로 131,
None,None,
엘림지티컴퍼니(셀비지)(가상)점,서울특별시 마포구 동교로 190,
None,None,
하이트진로직납센터,서울특별시 강남구 영동대로 714,
채널인천센터2,서울특별시 성동구 광나루로 310,
None,None,
채널평택센터,서울특별시 성동구 광나루로 310,
None,None,
MD기획점,서울특별시 성동구 광나루로 310 푸조비즈타워 101호,
APP행사점코드(용인),서울특별시 성동구 광나루로 310,
None,None,
채널양지센터,서울특별시 성동구 광나루로 310,
None,None,
채널광주센터,서울특별시 성동구 광나루로 310,
None,None,
채널칠곡센터,서울특별시 성동구 광나루로 310,
None,None,
채널양산센터,서울특별시 성동구 광나루로 310,
None,None,
채널부산센터,서울특별시 성동구 광나루로 310,
None,None,
채널청라센터,서울특별시 성동구 광나루로 310,
None,None,
채널화성센터,서울특별시 성동구 광나루로 310,
None,None,
채널세종센터,서울특별시 성동구 광나루로 310,
None,None,
기부점,서울특별시 성동구 광나루로 310,
None,None,
채널용인센터점,서울특별시 성동구 광나루로 310 푸조비즈타워,
None,None,
None,None,
None,None,
None,None,
None,None,
None,None,
None,None,
None,None,
None,None,
None,None,
None,None,
None,None,
None,None,
None,None,
None,None,
None,None,
None,None,
None,None,
None,None,
None,None,
None,None,
None,None,
None,None,
None,None,
None,None,
None,None,
None,None,
None,None,
None,None,
None,None,
None,None,
None,None,
None,None,
None,None,
None,None,
None,None,
